Number,Signal,IOStandard
BB22,AUD_BCKAD_R,LVCMOS18
BA24,AUD_BCKDA_R,LVCMOS18
BA25,AUD_DIN<1>,LVCMOS18
BD21,AUD_DIN<2>,LVCMOS18
BC21,AUD_DIN<3>,LVCMOS18
BB23,AUD_DIN<4>,LVCMOS18
BB24,AUD_DOUT<1>,LVCMOS18
BF22,AUD_DOUT<2>,LVCMOS18
BE22,AUD_DOUT<3>,LVCMOS18
BE23,AUD_LRCKAD_R,LVCMOS18
BD23,AUD_LRCKDA_R,LVCMOS18
BD22,AUD_RST,LVCMOS18
BC23,AUD_SCKI_R,LVCMOS18
BF24,AUD_SCL,LVCMOS18
BE24,AUD_SDA,LVCMOS18
AN41,B2B_CLKN<0>,DIFF_HSTL_I_18 (Default)
AK39,B2B_CLKN<1>,DIFF_HSTL_I_18 (Default)
AF39,B2B_CLKN<2>,DIFF_HSTL_I_18 (Default)
AB39,B2B_CLKN<3>,DIFF_HSTL_I_18 (Default)
V39,B2B_CLKN<4>,DIFF_HSTL_I_18 (Default)
R41,B2B_CLKN<5>,DIFF_HSTL_I_18 (Default)
AC8,B2B_CLKN<6>,DIFF_HSTL_I_18 (Default)
R8,B2B_CLKN<7>,DIFF_HSTL_I_18 (Default)
L8,B2B_CLKN<8>,DIFF_HSTL_I_18 (Default)
AE8,B2B_CLKN<9>,DIFF_HSTL_I_18 (Default)
AN40,B2B_CLKP<0>,DIFF_HSTL_I_18 (Default)
AK38,B2B_CLKP<1>,DIFF_HSTL_I_18 (Default)
AF38,B2B_CLKP<2>,DIFF_HSTL_I_18 (Default)
AB38,B2B_CLKP<3>,DIFF_HSTL_I_18 (Default)
V38,B2B_CLKP<4>,DIFF_HSTL_I_18 (Default)
R40,B2B_CLKP<5>,DIFF_HSTL_I_18 (Default)
AC9,B2B_CLKP<6>,DIFF_HSTL_I_18 (Default)
R9,B2B_CLKP<7>,DIFF_HSTL_I_18 (Default)
L9,B2B_CLKP<8>,DIFF_HSTL_I_18 (Default)
AE9,B2B_CLKP<9>,DIFF_HSTL_I_18 (Default)
AJ13,CB_nPOR,LVCMOS18
AL12,CB_nRST,LVCMOS18
AL32,CB_RSVD_F<0>,LVCMOS18
AL35,CB_RSVD_F<1>,LVCMOS18
AL34,CB_RSVD_F<2>,LVCMOS18
AK12,CB_RUN,LVCMOS18
G18,CFG_CLK,LVCMOS18
D20,CFG_DATAIN,LVCMOS18
D19,CFG_DATAOUT,LVCMOS18
D17,CFG_LOAD,LVCMOS18
D16,CFG_nRST,LVCMOS18
C20,CFG_WnR,LVCMOS18
F31,CLK_BIDIR_R_N<2>,LVDS
H30,CLK_BIDIR_R_N<3>,LVDS
G31,CLK_BIDIR_R_P<2>,LVDS
H29,CLK_BIDIR_R_P<3>,LVDS
F30,CLK_M2C_N<0>,LVDS
P32,CLK_M2C_N<1>,LVDS
G30,CLK_M2C_P<0>,LVDS
R32,CLK_M2C_P<1>,LVDS
AK15,CS_nDET,LVCMOS18
AM14,CS_nSRST,LVCMOS18
AL14,CS_nTRST,LVCMOS18
AR15,CS_T_CLKA_R,LVCMOS18
AP15,CS_T_CLKB_R,LVCMOS18
AN15,CS_T_CTL,LVCMOS18
AP16,CS_T_D<0>,LVCMOS18
AN16,CS_T_D<1>,LVCMOS18
AW16,CS_T_D<10>,LVCMOS18
AM16,CS_T_D<11>,LVCMOS18
AY12,CS_T_D<12>,LVCMOS18
AU13,CS_T_D<13>,LVCMOS18
AU14,CS_T_D<14>,LVCMOS18
AY14,CS_T_D<15>,LVCMOS18
AY15,CS_T_D<16>,LVCMOS18
AW15,CS_T_D<17>,LVCMOS18
AV15,CS_T_D<18>,LVCMOS18
AV16,CS_T_D<19>,LVCMOS18
AR12,CS_T_D<2>,LVCMOS18
AU16,CS_T_D<20>,LVCMOS18
AT15,CS_T_D<21>,LVCMOS18
AT16,CS_T_D<22>,LVCMOS18
AV13,CS_T_D<23>,LVCMOS18
AV11,CS_T_D<24>,LVCMOS18
AU11,CS_T_D<25>,LVCMOS18
AY13,CS_T_D<26>,LVCMOS18
AW13,CS_T_D<27>,LVCMOS18
AW10,CS_T_D<28>,LVCMOS18
AV10,CS_T_D<29>,LVCMOS18
AP12,CS_T_D<3>,LVCMOS18
AY10,CS_T_D<30>,LVCMOS18
AW11,CS_T_D<31>,LVCMOS18
AN13,CS_T_D<4>,LVCMOS18
AN14,CS_T_D<5>,LVCMOS18
AR13,CS_T_D<6>,LVCMOS18
AP13,CS_T_D<7>,LVCMOS18
AT14,CS_T_D<8>,LVCMOS18
AR14,CS_T_D<9>,LVCMOS18
AV14,CS_TCK,LVCMOS18
AW12,CS_TDI,LVCMOS18
AU12,CS_TDO,LVCMOS18
AT12,CS_TMS,LVCMOS18
P22,CSI_0_DN<0>,MIPI_DPHY_DCI
R23,CSI_0_DN<1>,MIPI_DPHY_DCI
R22,CSI_0_DP<0>,MIPI_DPHY_DCI
T23,CSI_0_DP<1>,MIPI_DPHY_DCI
A23,CSI_1_DN<0>,MIPI_DPHY_DCI
C23,CSI_1_DN<1>,MIPI_DPHY_DCI
A24,CSI_1_DP<0>,MIPI_DPHY_DCI
C24,CSI_1_DP<1>,MIPI_DPHY_DCI
H22,CSI_2_DN<0>,MIPI_DPHY_DCI
E22,CSI_2_DN<1>,MIPI_DPHY_DCI
G23,CSI_2_DN<2>,MIPI_DPHY_DCI
E21,CSI_2_DN<3>,MIPI_DPHY_DCI
H23,CSI_2_DP<0>,MIPI_DPHY_DCI
E23,CSI_2_DP<1>,MIPI_DPHY_DCI
H24,CSI_2_DP<2>,MIPI_DPHY_DCI
F21,CSI_2_DP<3>,MIPI_DPHY_DCI
M22,CSI_CN<0>,MIPI_DPHY_DCI
D24,CSI_CN<1>,MIPI_DPHY_DCI
G21,CSI_CN<2>,MIPI_DPHY_DCI
N22,CSI_CP<0>,MIPI_DPHY_DCI
E24,CSI_CP<1>,MIPI_DPHY_DCI
G22,CSI_CP<2>,MIPI_DPHY_DCI
A9,CSI_GP<0>,LVCMOS18
A8,CSI_GP<1>,LVCMOS18
A16,CSI_GP<2>,LVCMOS18
A15,CSI_GP<3>,LVCMOS18
A14,CSI_GP<4>,LVCMOS18
A13,CSI_GP<5>,LVCMOS18
A10,CSI_PWR_EN,LVCMOS18
F24,CSI_PWRDN_B,LVCMOS12
F23,CSI_RESET_B,LVCMOS12
J22,CSI_SCL<0>,LVCMOS12
J21,CSI_SCL<1>,LVCMOS12
C22,CSI_SCL<2>,LVCMOS12
M21,CSI_SDA<0>,LVCMOS12
M20,CSI_SDA<1>,LVCMOS12
L21,CSI_SDA<2>,LVCMOS12
A11,CSI_XCLK,LVCMOS18
BD32,DDR_A<0>,SSTL12_DCI
BE33,DDR_A<1>,SSTL12_DCI
BA32,DDR_A<10>,SSTL12_DCI
BB33,DDR_A<11>,SSTL12_DCI
BA30,DDR_A<12>,SSTL12_DCI
BA31,DDR_A<13>,SSTL12_DCI
BF30,DDR_A<2>,SSTL12_DCI
BF31,DDR_A<3>,SSTL12_DCI
BC33,DDR_A<4>,SSTL12_DCI
BD33,DDR_A<5>,SSTL12_DCI
BC31,DDR_A<6>,SSTL12_DCI
BD31,DDR_A<7>,SSTL12_DCI
BB31,DDR_A<8>,SSTL12_DCI
BB32,DDR_A<9>,SSTL12_DCI
AY33,DDR_BA<0>,SSTL12_DCI
AV33,DDR_BA<1>,SSTL12_DCI
AW33,DDR_BG<0>,SSTL12_DCI
AV30,DDR_BG<1>,SSTL12_DCI
AR30,DDR_CHIPID<0>,LVCMOS12
AR32,DDR_CHIPID<1>,LVCMOS12
BF32,DDR_CK_N<0>,DIFF_SSTL12_DCI
BE30,DDR_CK_N<1>,DIFF_SSTL12_DCI
BE32,DDR_CK_P<0>,DIFF_SSTL12_DCI
BD30,DDR_CK_P<1>,DIFF_SSTL12_DCI
AU34,DDR_CKE<0>,SSTL12_DCI
AU29,DDR_CKE<1>,SSTL12_DCI
AV35,DDR_DM<0>,POD12_DCI
AY37,DDR_DM<1>,POD12_DCI
BE40,DDR_DM<2>,POD12_DCI
BC34,DDR_DM<3>,POD12_DCI
BE29,DDR_DM<4>,POD12_DCI
BA29,DDR_DM<5>,POD12_DCI
AW26,DDR_DM<6>,POD12_DCI
AR27,DDR_DM<7>,POD12_DCI
AU38,DDR_DQ<0>,POD12_DCI
AU39,DDR_DQ<1>,POD12_DCI
BA39,DDR_DQ<10>,POD12_DCI
AY38,DDR_DQ<11>,POD12_DCI
AW40,DDR_DQ<12>,POD12_DCI
AY40,DDR_DQ<13>,POD12_DCI
BA40,DDR_DQ<14>,POD12_DCI
AY39,DDR_DQ<15>,POD12_DCI
BB38,DDR_DQ<16>,POD12_DCI
BC38,DDR_DQ<17>,POD12_DCI
BC39,DDR_DQ<18>,POD12_DCI
BD40,DDR_DQ<19>,POD12_DCI
AU40,DDR_DQ<2>,POD12_DCI
BD37,DDR_DQ<20>,POD12_DCI
BB39,DDR_DQ<21>,POD12_DCI
BE38,DDR_DQ<22>,POD12_DCI
BD38,DDR_DQ<23>,POD12_DCI
BE34,DDR_DQ<24>,POD12_DCI
BF34,DDR_DQ<25>,POD12_DCI
BC35,DDR_DQ<26>,POD12_DCI
BC36,DDR_DQ<27>,POD12_DCI
BD36,DDR_DQ<28>,POD12_DCI
BE37,DDR_DQ<29>,POD12_DCI
AV40,DDR_DQ<3>,POD12_DCI
BF36,DDR_DQ<30>,POD12_DCI
BF37,DDR_DQ<31>,POD12_DCI
BF26,DDR_DQ<32>,POD12_DCI
BF27,DDR_DQ<33>,POD12_DCI
BD28,DDR_DQ<34>,POD12_DCI
BE28,DDR_DQ<35>,POD12_DCI
BD27,DDR_DQ<36>,POD12_DCI
BE27,DDR_DQ<37>,POD12_DCI
BD25,DDR_DQ<38>,POD12_DCI
BD26,DDR_DQ<39>,POD12_DCI
AW35,DDR_DQ<4>,POD12_DCI
BC25,DDR_DQ<40>,POD12_DCI
BC26,DDR_DQ<41>,POD12_DCI
BB28,DDR_DQ<42>,POD12_DCI
BC28,DDR_DQ<43>,POD12_DCI
AY27,DDR_DQ<44>,POD12_DCI
AY28,DDR_DQ<45>,POD12_DCI
BA27,DDR_DQ<46>,POD12_DCI
BB27,DDR_DQ<47>,POD12_DCI
AU26,DDR_DQ<48>,POD12_DCI
AV26,DDR_DQ<49>,POD12_DCI
AW36,DDR_DQ<5>,POD12_DCI
AV28,DDR_DQ<50>,POD12_DCI
AW28,DDR_DQ<51>,POD12_DCI
AU27,DDR_DQ<52>,POD12_DCI
AU28,DDR_DQ<53>,POD12_DCI
AR25,DDR_DQ<54>,POD12_DCI
AT25,DDR_DQ<55>,POD12_DCI
AM26,DDR_DQ<56>,POD12_DCI
AN26,DDR_DQ<57>,POD12_DCI
AP27,DDR_DQ<58>,POD12_DCI
AP28,DDR_DQ<59>,POD12_DCI
AV38,DDR_DQ<6>,POD12_DCI
AP25,DDR_DQ<60>,POD12_DCI
AP26,DDR_DQ<61>,POD12_DCI
AL27,DDR_DQ<62>,POD12_DCI
AM27,DDR_DQ<63>,POD12_DCI
AV39,DDR_DQ<7>,POD12_DCI
BB36,DDR_DQ<8>,POD12_DCI
BB37,DDR_DQ<9>,POD12_DCI
AW38,DDR_DQS_N<0>,DIFF_POD12_DCI
BA36,DDR_DQS_N<1>,DIFF_POD12_DCI
BF39,DDR_DQS_N<2>,DIFF_POD12_DCI
BF35,DDR_DQS_N<3>,DIFF_POD12_DCI
BF25,DDR_DQS_N<4>,DIFF_POD12_DCI
BB26,DDR_DQS_N<5>,DIFF_POD12_DCI
AT27,DDR_DQS_N<6>,DIFF_POD12_DCI
AN28,DDR_DQS_N<7>,DIFF_POD12_DCI
AW37,DDR_DQS_P<0>,DIFF_POD12_DCI
BA35,DDR_DQS_P<1>,DIFF_POD12_DCI
BE39,DDR_DQS_P<2>,DIFF_POD12_DCI
BE35,DDR_DQS_P<3>,DIFF_POD12_DCI
BE25,DDR_DQS_P<4>,DIFF_POD12_DCI
BA26,DDR_DQS_P<5>,DIFF_POD12_DCI
AT26,DDR_DQS_P<6>,DIFF_POD12_DCI
AM28,DDR_DQS_P<7>,DIFF_POD12_DCI
AU32,DDR_nACT,SSTL12_DCI
AT34,DDR_nALERT,LVCMOS12
BA34,DDR_nCAS_A15,SSTL12_DCI
AW30,DDR_nCS<0>,SSTL12_DCI
AU33,DDR_nCS<1>,SSTL12_DCI
AR29,DDR_nEVENT,LVCMOS12
AY32,DDR_nRAS_A16,SSTL12_DCI
AU31,DDR_nRESET,LVCMOS12
AY34,DDR_nWE_A14,SSTL12_DCI
AV29,DDR_ODT<0>,SSTL12_DCI
AT31,DDR_ODT<1>,SSTL12_DCI
AT30,DDR_PARITY,LVCMOS12
AW32,DDR_REFCLKN,DIFF_SSTL12
AW31,DDR_REFCLKP,DIFF_SSTL12
AT29,DDR_SCL,LVCMOS12
AT32,DDR_SDA,LVCMOS12
BE4,DP_C2M_N<0>,DIFF_HSTL_I_18 (Default)
BC4,DP_C2M_N<1>,DIFF_HSTL_I_18 (Default)
BA4,DP_C2M_N<2>,DIFF_HSTL_I_18 (Default)
AW4,DP_C2M_N<3>,DIFF_HSTL_I_18 (Default)
AT6,DP_C2M_N<4>,DIFF_HSTL_I_18 (Default)
AP6,DP_C2M_N<5>,DIFF_HSTL_I_18 (Default)
AR4,DP_C2M_N<6>,DIFF_HSTL_I_18 (Default)
AU4,DP_C2M_N<7>,DIFF_HSTL_I_18 (Default)
AN4,DP_C2M_N<8>,DIFF_HSTL_I_18 (Default)
AM6,DP_C2M_N<9>,DIFF_HSTL_I_18 (Default)
BE5,DP_C2M_P<0>,DIFF_HSTL_I_18 (Default)
BC5,DP_C2M_P<1>,DIFF_HSTL_I_18 (Default)
BA5,DP_C2M_P<2>,DIFF_HSTL_I_18 (Default)
AW5,DP_C2M_P<3>,DIFF_HSTL_I_18 (Default)
AT7,DP_C2M_P<4>,DIFF_HSTL_I_18 (Default)
AP7,DP_C2M_P<5>,DIFF_HSTL_I_18 (Default)
AR5,DP_C2M_P<6>,DIFF_HSTL_I_18 (Default)
AU5,DP_C2M_P<7>,DIFF_HSTL_I_18 (Default)
AN5,DP_C2M_P<8>,DIFF_HSTL_I_18 (Default)
AM7,DP_C2M_P<9>,DIFF_HSTL_I_18 (Default)
BB1,DP_M2C_N<0>,DIFF_HSTL_I_18 (Default)
AY1,DP_M2C_N<1>,DIFF_HSTL_I_18 (Default)
AV1,DP_M2C_N<2>,DIFF_HSTL_I_18 (Default)
AT1,DP_M2C_N<3>,DIFF_HSTL_I_18 (Default)
AM1,DP_M2C_N<4>,DIFF_HSTL_I_18 (Default)
AJ3,DP_M2C_N<5>,DIFF_HSTL_I_18 (Default)
AK1,DP_M2C_N<6>,DIFF_HSTL_I_18 (Default)
AP1,DP_M2C_N<7>,DIFF_HSTL_I_18 (Default)
AH1,DP_M2C_N<8>,DIFF_HSTL_I_18 (Default)
AG3,DP_M2C_N<9>,DIFF_HSTL_I_18 (Default)
BB2,DP_M2C_P<0>,DIFF_HSTL_I_18 (Default)
AY2,DP_M2C_P<1>,DIFF_HSTL_I_18 (Default)
AV2,DP_M2C_P<2>,DIFF_HSTL_I_18 (Default)
AT2,DP_M2C_P<3>,DIFF_HSTL_I_18 (Default)
AM2,DP_M2C_P<4>,DIFF_HSTL_I_18 (Default)
AJ4,DP_M2C_P<5>,DIFF_HSTL_I_18 (Default)
AK2,DP_M2C_P<6>,DIFF_HSTL_I_18 (Default)
AP2,DP_M2C_P<7>,DIFF_HSTL_I_18 (Default)
AH2,DP_M2C_P<8>,DIFF_HSTL_I_18 (Default)
AG4,DP_M2C_P<9>,DIFF_HSTL_I_18 (Default)
N20,DSI_CN,MIPI_DPHY_DCI
P20,DSI_CP,MIPI_DPHY_DCI
M23,DSI_DN<0>,MIPI_DPHY_DCI
P21,DSI_DN<1>,MIPI_DPHY_DCI
N23,DSI_DP<0>,MIPI_DPHY_DCI
R21,DSI_DP<1>,MIPI_DPHY_DCI
J24,DSI_SCL,LVCMOS12
B23,DSI_SDA,LVCMOS12
AT37,DVI_CSCL,LVCMOS18
AT39,DVI_CSDA,LVCMOS18
AT40,DVI_INT,LVCMOS18
AY9,FIFO_CLK,LVCMOS18
BC8,FIFO_D<0>,LVCMOS18
BC9,FIFO_D<1>,LVCMOS18
BD7,FIFO_D<10>,LVCMOS18
BD8,FIFO_D<11>,LVCMOS18
BF15,FIFO_D<12>,LVCMOS18
BE15,FIFO_D<13>,LVCMOS18
BF14,FIFO_D<14>,LVCMOS18
BE14,FIFO_D<15>,LVCMOS18
BD10,FIFO_D<2>,LVCMOS18
BC10,FIFO_D<3>,LVCMOS18
BF9,FIFO_D<4>,LVCMOS18
BF10,FIFO_D<5>,LVCMOS18
BE9,FIFO_D<6>,LVCMOS18
BE10,FIFO_D<7>,LVCMOS18
BE7,FIFO_D<8>,LVCMOS18
BE8,FIFO_D<9>,LVCMOS18
BE13,FIFO_NBE<0>,LVCMOS18
BD13,FIFO_NBE<1>,LVCMOS18
BD11,FIFO_NOE,LVCMOS18
BC11,FIFO_NRD,LVCMOS18
BF11,FIFO_NRXF,LVCMOS18
BF12,FIFO_NTXE,LVCMOS18
BE12,FIFO_NWAK,LVCMOS18
BD12,FIFO_nWR,LVCMOS18
AL36,FMC_CLK_DIR,LVCMOS18
AK35,FMC_nPRSNT,LVCMOS18
AL8,GBTCLK_M2C_N<0>,DIFF_HSTL_I_18 (Default)
AR8,GBTCLK_M2C_N<1>,DIFF_HSTL_I_18 (Default)
AL9,GBTCLK_M2C_P<0>,DIFF_HSTL_I_18 (Default)
AR9,GBTCLK_M2C_P<1>,DIFF_HSTL_I_18 (Default)
P36,HA_N<0>,LVDS
P34,HA_N<1>,LVDS
L30,HA_N<10>,LVDS
J32,HA_N<11>,LVDS
J30,HA_N<12>,LVDS
J31,HA_N<13>,LVDS
M30,HA_N<14>,LVDS
N29,HA_N<15>,LVDS
L31,HA_N<16>,LVDS
R33,HA_N<17>,LVDS
T36,HA_N<18>,LVDS
R29,HA_N<19>,LVDS
N37,HA_N<2>,LVDS
P30,HA_N<20>,LVDS
W34,HA_N<21>,LVDS
W31,HA_N<22>,LVDS
W32,HA_N<23>,LVDS
M38,HA_N<3>,LVDS
L36,HA_N<4>,LVDS
L35,HA_N<5>,LVDS
N35,HA_N<6>,LVDS
L38,HA_N<7>,LVDS
C33,HA_N<8>,LVDS
K34,HA_N<9>,LVDS
P35,HA_P<0>,LVDS
R34,HA_P<1>,LVDS
L29,HA_P<10>,LVDS
K32,HA_P<11>,LVDS
J29,HA_P<12>,LVDS
K31,HA_P<13>,LVDS
N30,HA_P<14>,LVDS
N28,HA_P<15>,LVDS
M31,HA_P<16>,LVDS
T33,HA_P<17>,LVDS
U35,HA_P<18>,LVDS
R28,HA_P<19>,LVDS
P37,HA_P<2>,LVDS
P29,HA_P<20>,LVDS
Y34,HA_P<21>,LVDS
Y31,HA_P<22>,LVDS
Y32,HA_P<23>,LVDS
N38,HA_P<3>,LVDS
M36,HA_P<4>,LVDS
M35,HA_P<5>,LVDS
N34,HA_P<6>,LVDS
M37,HA_P<7>,LVDS
C32,HA_P<8>,LVDS
L34,HA_P<9>,LVDS
F26,HB_N<0>,LVDS
C28,HB_N<1>,LVDS
L26,HB_N<10>,LVDS
L25,HB_N<11>,LVDS
N25,HB_N<12>,LVDS
N24,HB_N<13>,LVDS
P27,HB_N<14>,LVDS
R24,HB_N<15>,LVDS
R26,HB_N<16>,LVDS
J27,HB_N<17>,LVDS
P31,HB_N<18>,LVDS
K28,HB_N<19>,LVDS
B27,HB_N<2>,LVDS
M32,HB_N<20>,LVDS
M28,HB_N<21>,LVDS
B25,HB_N<3>,LVDS
E28,HB_N<4>,LVDS
F25,HB_N<5>,LVDS
J26,HB_N<6>,LVDS
D26,HB_N<7>,LVDS
E27,HB_N<8>,LVDS
G28,HB_N<9>,LVDS
G26,HB_P<0>,LVDS
D27,HB_P<1>,LVDS
M25,HB_P<10>,LVDS
L24,HB_P<11>,LVDS
P25,HB_P<12>,LVDS
P24,HB_P<13>,LVDS
R27,HB_P<14>,LVDS
T24,HB_P<15>,LVDS
T26,HB_P<16>,LVDS
K27,HB_P<17>,LVDS
R31,HB_P<18>,LVDS
L28,HB_P<19>,LVDS
C27,HB_P<2>,LVDS
N32,HB_P<20>,LVDS
M27,HB_P<21>,LVDS
C25,HB_P<3>,LVDS
F28,HB_P<4>,LVDS
G25,HB_P<5>,LVDS
K26,HB_P<6>,LVDS
D25,HB_P<7>,LVDS
E26,HB_P<8>,LVDS
H28,HB_P<9>,LVDS
AL19,IOFPGA_CSO,LVCMOS18
AM19,IOFPGA_D<4>,LVCMOS18
AM18,IOFPGA_D<5>,LVCMOS18
AN20,IOFPGA_D<6>,LVCMOS18
AP20,IOFPGA_D<7>,LVCMOS18
AM12,IOFPGA_NRST,LVCMOS18
AW17,IOFPGA_nSEL,LVCMOS18
AM13,IOFPGA_NSPIR,LVCMOS18
AJ12,IOFPGA_SYSWDT,LVCMOS18
E38,LA_N<0>,LVDS
F36,LA_N<1>,LVDS
A35,LA_N<10>,LVDS
A36,LA_N<11>,LVDS
B37,LA_N<12>,LVDS
B32,LA_N<13>,LVDS
D32,LA_N<14>,LVDS
B30,LA_N<15>,LVDS
A33,LA_N<16>,LVDS
G32,LA_N<17>,LVDS
G37,LA_N<18>,LVDS
D31,LA_N<19>,LVDS
D39,LA_N<2>,LVDS
C29,LA_N<20>,LVDS
E34,LA_N<21>,LVDS
E33,LA_N<22>,LVDS
E29,LA_N<23>,LVDS
H37,LA_N<24>,LVDS
H35,LA_N<25>,LVDS
G35,LA_N<26>,LVDS
G33,LA_N<27>,LVDS
G38,LA_N<28>,LVDS
J37,LA_N<29>,LVDS
C40,LA_N<3>,LVDS
H40,LA_N<30>,LVDS
J40,LA_N<31>,LVDS
F40,LA_N<32>,LVDS
F39,LA_N<33>,LVDS
B40,LA_N<4>,LVDS
C35,LA_N<5>,LVDS
A38,LA_N<6>,LVDS
A40,LA_N<7>,LVDS
C37,LA_N<8>,LVDS
C34,LA_N<9>,LVDS
E37,LA_P<0>,LVDS
F35,LA_P<1>,LVDS
A34,LA_P<10>,LVDS
B35,LA_P<11>,LVDS
B36,LA_P<12>,LVDS
B31,LA_P<13>,LVDS
E32,LA_P<14>,LVDS
C30,LA_P<15>,LVDS
B33,LA_P<16>,LVDS
H32,LA_P<17>,LVDS
G36,LA_P<18>,LVDS
E31,LA_P<19>,LVDS
E39,LA_P<2>,LVDS
D29,LA_P<20>,LVDS
F34,LA_P<21>,LVDS
F33,LA_P<22>,LVDS
F29,LA_P<23>,LVDS
J36,LA_P<24>,LVDS
J35,LA_P<25>,LVDS
H34,LA_P<26>,LVDS
H33,LA_P<27>,LVDS
H38,LA_P<28>,LVDS
K37,LA_P<29>,LVDS
D40,LA_P<3>,LVDS
H39,LA_P<30>,LVDS
J39,LA_P<31>,LVDS
G40,LA_P<32>,LVDS
F38,LA_P<33>,LVDS
C39,LA_P<4>,LVDS
D35,LA_P<5>,LVDS
B38,LA_P<6>,LVDS
A39,LA_P<7>,LVDS
D37,LA_P<8>,LVDS
D34,LA_P<9>,LVDS
AG8,MGT_CLKN<0>,DIFF_HSTL_I_18 (Default)
AN8,MGT_CLKN<1>,DIFF_HSTL_I_18 (Default)
AG9,MGT_CLKP<0>,DIFF_HSTL_I_18 (Default)
AN9,MGT_CLKP<1>,DIFF_HSTL_I_18 (Default)
BC46,MGT0_RXN<0>,DIFF_HSTL_I_18 (Default)
BA46,MGT0_RXN<1>,DIFF_HSTL_I_18 (Default)
AE46,MGT0_RXN<10>,DIFF_HSTL_I_18 (Default)
AD44,MGT0_RXN<11>,DIFF_HSTL_I_18 (Default)
AW46,MGT0_RXN<2>,DIFF_HSTL_I_18 (Default)
AU46,MGT0_RXN<3>,DIFF_HSTL_I_18 (Default)
AR46,MGT0_RXN<4>,DIFF_HSTL_I_18 (Default)
AN46,MGT0_RXN<5>,DIFF_HSTL_I_18 (Default)
AL46,MGT0_RXN<6>,DIFF_HSTL_I_18 (Default)
AJ46,MGT0_RXN<7>,DIFF_HSTL_I_18 (Default)
AG46,MGT0_RXN<8>,DIFF_HSTL_I_18 (Default)
AF44,MGT0_RXN<9>,DIFF_HSTL_I_18 (Default)
BC45,MGT0_RXP<0>,DIFF_HSTL_I_18 (Default)
BA45,MGT0_RXP<1>,DIFF_HSTL_I_18 (Default)
AE45,MGT0_RXP<10>,DIFF_HSTL_I_18 (Default)
AD43,MGT0_RXP<11>,DIFF_HSTL_I_18 (Default)
AW45,MGT0_RXP<2>,DIFF_HSTL_I_18 (Default)
AU45,MGT0_RXP<3>,DIFF_HSTL_I_18 (Default)
AR45,MGT0_RXP<4>,DIFF_HSTL_I_18 (Default)
AN45,MGT0_RXP<5>,DIFF_HSTL_I_18 (Default)
AL45,MGT0_RXP<6>,DIFF_HSTL_I_18 (Default)
AJ45,MGT0_RXP<7>,DIFF_HSTL_I_18 (Default)
AG45,MGT0_RXP<8>,DIFF_HSTL_I_18 (Default)
AF43,MGT0_RXP<9>,DIFF_HSTL_I_18 (Default)
BD43,MGT0_TXN<0>,DIFF_HSTL_I_18 (Default)
BB43,MGT0_TXN<1>,DIFF_HSTL_I_18 (Default)
AG41,MGT0_TXN<10>,DIFF_HSTL_I_18 (Default)
AE41,MGT0_TXN<11>,DIFF_HSTL_I_18 (Default)
AY43,MGT0_TXN<2>,DIFF_HSTL_I_18 (Default)
AV43,MGT0_TXN<3>,DIFF_HSTL_I_18 (Default)
AT43,MGT0_TXN<4>,DIFF_HSTL_I_18 (Default)
AP43,MGT0_TXN<5>,DIFF_HSTL_I_18 (Default)
AM43,MGT0_TXN<6>,DIFF_HSTL_I_18 (Default)
AL41,MGT0_TXN<7>,DIFF_HSTL_I_18 (Default)
AK43,MGT0_TXN<8>,DIFF_HSTL_I_18 (Default)
AJ41,MGT0_TXN<9>,DIFF_HSTL_I_18 (Default)
BD42,MGT0_TXP<0>,DIFF_HSTL_I_18 (Default)
BB42,MGT0_TXP<1>,DIFF_HSTL_I_18 (Default)
AG40,MGT0_TXP<10>,DIFF_HSTL_I_18 (Default)
AE40,MGT0_TXP<11>,DIFF_HSTL_I_18 (Default)
AY42,MGT0_TXP<2>,DIFF_HSTL_I_18 (Default)
AV42,MGT0_TXP<3>,DIFF_HSTL_I_18 (Default)
AT42,MGT0_TXP<4>,DIFF_HSTL_I_18 (Default)
AP42,MGT0_TXP<5>,DIFF_HSTL_I_18 (Default)
AM42,MGT0_TXP<6>,DIFF_HSTL_I_18 (Default)
AL40,MGT0_TXP<7>,DIFF_HSTL_I_18 (Default)
AK42,MGT0_TXP<8>,DIFF_HSTL_I_18 (Default)
AJ40,MGT0_TXP<9>,DIFF_HSTL_I_18 (Default)
AC46,MGT1_RXN<0>,DIFF_HSTL_I_18 (Default)
AB44,MGT1_RXN<1>,DIFF_HSTL_I_18 (Default)
G46,MGT1_RXN<10>,DIFF_HSTL_I_18 (Default)
E46,MGT1_RXN<11>,DIFF_HSTL_I_18 (Default)
AA46,MGT1_RXN<2>,DIFF_HSTL_I_18 (Default)
Y44,MGT1_RXN<3>,DIFF_HSTL_I_18 (Default)
W46,MGT1_RXN<4>,DIFF_HSTL_I_18 (Default)
U46,MGT1_RXN<5>,DIFF_HSTL_I_18 (Default)
R46,MGT1_RXN<6>,DIFF_HSTL_I_18 (Default)
N46,MGT1_RXN<7>,DIFF_HSTL_I_18 (Default)
L46,MGT1_RXN<8>,DIFF_HSTL_I_18 (Default)
J46,MGT1_RXN<9>,DIFF_HSTL_I_18 (Default)
AC45,MGT1_RXP<0>,DIFF_HSTL_I_18 (Default)
AB43,MGT1_RXP<1>,DIFF_HSTL_I_18 (Default)
G45,MGT1_RXP<10>,DIFF_HSTL_I_18 (Default)
E45,MGT1_RXP<11>,DIFF_HSTL_I_18 (Default)
AA45,MGT1_RXP<2>,DIFF_HSTL_I_18 (Default)
Y43,MGT1_RXP<3>,DIFF_HSTL_I_18 (Default)
W45,MGT1_RXP<4>,DIFF_HSTL_I_18 (Default)
U45,MGT1_RXP<5>,DIFF_HSTL_I_18 (Default)
R45,MGT1_RXP<6>,DIFF_HSTL_I_18 (Default)
N45,MGT1_RXP<7>,DIFF_HSTL_I_18 (Default)
L45,MGT1_RXP<8>,DIFF_HSTL_I_18 (Default)
J45,MGT1_RXP<9>,DIFF_HSTL_I_18 (Default)
AC41,MGT1_TXN<0>,DIFF_HSTL_I_18 (Default)
AA41,MGT1_TXN<1>,DIFF_HSTL_I_18 (Default)
D43,MGT1_TXN<10>,DIFF_HSTL_I_18 (Default)
B43,MGT1_TXN<11>,DIFF_HSTL_I_18 (Default)
W41,MGT1_TXN<2>,DIFF_HSTL_I_18 (Default)
U41,MGT1_TXN<3>,DIFF_HSTL_I_18 (Default)
T43,MGT1_TXN<4>,DIFF_HSTL_I_18 (Default)
P43,MGT1_TXN<5>,DIFF_HSTL_I_18 (Default)
M43,MGT1_TXN<6>,DIFF_HSTL_I_18 (Default)
K43,MGT1_TXN<7>,DIFF_HSTL_I_18 (Default)
H43,MGT1_TXN<8>,DIFF_HSTL_I_18 (Default)
F43,MGT1_TXN<9>,DIFF_HSTL_I_18 (Default)
AC40,MGT1_TXP<0>,DIFF_HSTL_I_18 (Default)
AA40,MGT1_TXP<1>,DIFF_HSTL_I_18 (Default)
D42,MGT1_TXP<10>,DIFF_HSTL_I_18 (Default)
B42,MGT1_TXP<11>,DIFF_HSTL_I_18 (Default)
W40,MGT1_TXP<2>,DIFF_HSTL_I_18 (Default)
U40,MGT1_TXP<3>,DIFF_HSTL_I_18 (Default)
T42,MGT1_TXP<4>,DIFF_HSTL_I_18 (Default)
P42,MGT1_TXP<5>,DIFF_HSTL_I_18 (Default)
M42,MGT1_TXP<6>,DIFF_HSTL_I_18 (Default)
K42,MGT1_TXP<7>,DIFF_HSTL_I_18 (Default)
H42,MGT1_TXP<8>,DIFF_HSTL_I_18 (Default)
F42,MGT1_TXP<9>,DIFF_HSTL_I_18 (Default)
AD1,MGT2_RXN<0>,DIFF_HSTL_I_18 (Default)
AC3,MGT2_RXN<1>,DIFF_HSTL_I_18 (Default)
F1,MGT2_RXN<10>,DIFF_HSTL_I_18 (Default)
D1,MGT2_RXN<11>,DIFF_HSTL_I_18 (Default)
AB1,MGT2_RXN<2>,DIFF_HSTL_I_18 (Default)
AA3,MGT2_RXN<3>,DIFF_HSTL_I_18 (Default)
T1,MGT2_RXN<4>,DIFF_HSTL_I_18 (Default)
R3,MGT2_RXN<5>,DIFF_HSTL_I_18 (Default)
P1,MGT2_RXN<6>,DIFF_HSTL_I_18 (Default)
M1,MGT2_RXN<7>,DIFF_HSTL_I_18 (Default)
K1,MGT2_RXN<8>,DIFF_HSTL_I_18 (Default)
H1,MGT2_RXN<9>,DIFF_HSTL_I_18 (Default)
AD2,MGT2_RXP<0>,DIFF_HSTL_I_18 (Default)
AC4,MGT2_RXP<1>,DIFF_HSTL_I_18 (Default)
F2,MGT2_RXP<10>,DIFF_HSTL_I_18 (Default)
D2,MGT2_RXP<11>,DIFF_HSTL_I_18 (Default)
AB2,MGT2_RXP<2>,DIFF_HSTL_I_18 (Default)
AA4,MGT2_RXP<3>,DIFF_HSTL_I_18 (Default)
T2,MGT2_RXP<4>,DIFF_HSTL_I_18 (Default)
R4,MGT2_RXP<5>,DIFF_HSTL_I_18 (Default)
P2,MGT2_RXP<6>,DIFF_HSTL_I_18 (Default)
M2,MGT2_RXP<7>,DIFF_HSTL_I_18 (Default)
K2,MGT2_RXP<8>,DIFF_HSTL_I_18 (Default)
H2,MGT2_RXP<9>,DIFF_HSTL_I_18 (Default)
AF6,MGT2_TXN<0>,DIFF_HSTL_I_18 (Default)
AD6,MGT2_TXN<1>,DIFF_HSTL_I_18 (Default)
E4,MGT2_TXN<10>,DIFF_HSTL_I_18 (Default)
C4,MGT2_TXN<11>,DIFF_HSTL_I_18 (Default)
AB6,MGT2_TXN<2>,DIFF_HSTL_I_18 (Default)
Y6,MGT2_TXN<3>,DIFF_HSTL_I_18 (Default)
L4,MGT2_TXN<4>,DIFF_HSTL_I_18 (Default)
K6,MGT2_TXN<5>,DIFF_HSTL_I_18 (Default)
J4,MGT2_TXN<6>,DIFF_HSTL_I_18 (Default)
H6,MGT2_TXN<7>,DIFF_HSTL_I_18 (Default)
G4,MGT2_TXN<8>,DIFF_HSTL_I_18 (Default)
F6,MGT2_TXN<9>,DIFF_HSTL_I_18 (Default)
AF7,MGT2_TXP<0>,DIFF_HSTL_I_18 (Default)
AD7,MGT2_TXP<1>,DIFF_HSTL_I_18 (Default)
E5,MGT2_TXP<10>,DIFF_HSTL_I_18 (Default)
C5,MGT2_TXP<11>,DIFF_HSTL_I_18 (Default)
AB7,MGT2_TXP<2>,DIFF_HSTL_I_18 (Default)
Y7,MGT2_TXP<3>,DIFF_HSTL_I_18 (Default)
L5,MGT2_TXP<4>,DIFF_HSTL_I_18 (Default)
K7,MGT2_TXP<5>,DIFF_HSTL_I_18 (Default)
J5,MGT2_TXP<6>,DIFF_HSTL_I_18 (Default)
H7,MGT2_TXP<7>,DIFF_HSTL_I_18 (Default)
G5,MGT2_TXP<8>,DIFF_HSTL_I_18 (Default)
F7,MGT2_TXP<9>,DIFF_HSTL_I_18 (Default)
AH30,MMB_DATA<0>,LVCMOS18
AG33,MMB_DATA<1>,LVCMOS18
AJ35,MMB_DATA<10>,LVCMOS18
AK33,MMB_DATA<11>,LVCMOS18
AJ33,MMB_DATA<12>,LVCMOS18
AM31,MMB_DATA<13>,LVCMOS18
AK30,MMB_DATA<14>,LVCMOS18
AK29,MMB_DATA<15>,LVCMOS18
AJ31,MMB_DATA<16>,LVCMOS18
AJ30,MMB_DATA<17>,LVCMOS18
AL31,MMB_DATA<18>,LVCMOS18
AL30,MMB_DATA<19>,LVCMOS18
AG32,MMB_DATA<2>,LVCMOS18
AM29,MMB_DATA<20>,LVCMOS18
AL29,MMB_DATA<21>,LVCMOS18
AK32,MMB_DATA<22>,LVCMOS18
AJ32,MMB_DATA<23>,LVCMOS18
AH31,MMB_DATA<3>,LVCMOS18
AG31,MMB_DATA<4>,LVCMOS18
AH35,MMB_DATA<5>,LVCMOS18
AG34,MMB_DATA<6>,LVCMOS18
AH34,MMB_DATA<7>,LVCMOS18
AH33,MMB_DATA<8>,LVCMOS18
AJ36,MMB_DATA<9>,LVCMOS18
AN35,MMB_DE,LVCMOS18
AN36,MMB_HS,LVCMOS18
AP33,MMB_IDCLK_R,LVCMOS18
AP35,MMB_SCK_R,LVCMOS18
AR35,MMB_SD<0>,LVCMOS18
AP38,MMB_SD<1>,LVCMOS18
AP37,MMB_SD<2>,LVCMOS18
AP36,MMB_SD<3>,LVCMOS18
AR37,MMB_VS,LVCMOS18
AR38,MMB_WS,LVCMOS18
AM33,OSCCLKA<0>,LVCMOS18
AK34,OSCCLKA<1>,LVCMOS18
AW23,OSCCLKA<2>,LVCMOS18
AY24,OSCCLKA<3>,LVCMOS18
AU19,OSCCLKA<4>,LVCMOS18
H27,OSCCLKA<5>,LVCMOS18
K21,OSCCLKB<0>,LVCMOS12
K22,OSCCLKB<1>,LVCMOS12
R14,OSCCLKB<2>,LVCMOS18
C10,OSCCLKB<3>,LVCMOS18
AK14,PB_IRQ,LVCMOS18
W8,PCIE_CLKN,DIFF_HSTL_I_18 (Default)
W9,PCIE_CLKP,DIFF_HSTL_I_18 (Default)
C19,PCIE_nPERST,LVCMOS18
A20,PCIE_nPRSNT<0>,LVCMOS18
A19,PCIE_nPRSNT<1>,LVCMOS18
C18,PCIE_nWAKE,LVCMOS18
Y1,PCIE_PERN<0>,DIFF_HSTL_I_18 (Default)
W3,PCIE_PERN<1>,DIFF_HSTL_I_18 (Default)
V1,PCIE_PERN<2>,DIFF_HSTL_I_18 (Default)
U3,PCIE_PERN<3>,DIFF_HSTL_I_18 (Default)
Y2,PCIE_PERP<0>,DIFF_HSTL_I_18 (Default)
W4,PCIE_PERP<1>,DIFF_HSTL_I_18 (Default)
V2,PCIE_PERP<2>,DIFF_HSTL_I_18 (Default)
U4,PCIE_PERP<3>,DIFF_HSTL_I_18 (Default)
V6,PCIE_PETN<0>,DIFF_HSTL_I_18 (Default)
T6,PCIE_PETN<1>,DIFF_HSTL_I_18 (Default)
P6,PCIE_PETN<2>,DIFF_HSTL_I_18 (Default)
M6,PCIE_PETN<3>,DIFF_HSTL_I_18 (Default)
V7,PCIE_PETP<0>,DIFF_HSTL_I_18 (Default)
T7,PCIE_PETP<1>,DIFF_HSTL_I_18 (Default)
P7,PCIE_PETP<2>,DIFF_HSTL_I_18 (Default)
M7,PCIE_PETP<3>,DIFF_HSTL_I_18 (Default)
C17,PEX_nFATAL,LVCMOS18
B20,PEX_nINTA,LVCMOS18
B18,PEX_nPERST,LVCMOS18
AA12,QSPI_D<0>,LVCMOS18
Y14,QSPI_D<1>,LVCMOS18
Y13,QSPI_D<2>,LVCMOS18
Y12,QSPI_D<3>,LVCMOS18
AA14,QSPI_nCS,LVCMOS18
AA13,QSPI_SCLK_R,LVCMOS18
BB9,REFCLK24,LVCMOS18
T15,SH_ADC_CK_R,LVCMOS18
T16,SH_ADC_CS,LVCMOS18
U16,SH_ADC_DI,LVCMOS18
U15,SH_ADC_DO,LVCMOS18
U13,SH_CLKI,LVCMOS18
T14,SH_CLKO_R,LVCMOS18
C9,SH_nRST,LVCMOS18
AU22,SH_RSVDN<0>,LVDS
AV23,SH_RSVDN<1>,LVDS
AT22,SH_RSVDP<0>,LVDS
AU23,SH_RSVDP<1>,LVDS
M15,SH0_IO<0>,LVCMOS18
M13,SH0_IO<1>,LVCMOS18
K13,SH0_IO<10>,LVCMOS18
K12,SH0_IO<11>,LVCMOS18
K11,SH0_IO<12>,LVCMOS18
J14,SH0_IO<13>,LVCMOS18
J12,SH0_IO<14>,LVCMOS18
J11,SH0_IO<15>,LVCMOS18
M12,SH0_IO<2>,LVCMOS18
M11,SH0_IO<3>,LVCMOS18
L15,SH0_IO<4>,LVCMOS18
L14,SH0_IO<5>,LVCMOS18
L13,SH0_IO<6>,LVCMOS18
L11,SH0_IO<7>,LVCMOS18
K14,SH0_IO<8>,LVCMOS18
V13,SH0_IO<9>,LVCMOS18
F13,SH0_nEN<0>,LVCMOS18
E14,SH0_nEN<1>,LVCMOS18
G13,SH0_nEN<10>,LVCMOS18
G15,SH0_nEN<11>,LVCMOS18
H12,SH0_nEN<12>,LVCMOS18
H13,SH0_nEN<13>,LVCMOS18
H14,SH0_nEN<14>,LVCMOS18
H15,SH0_nEN<15>,LVCMOS18
F9,SH0_nEN<2>,LVCMOS18
F10,SH0_nEN<3>,LVCMOS18
F11,SH0_nEN<4>,LVCMOS18
F14,SH0_nEN<5>,LVCMOS18
F15,SH0_nEN<6>,LVCMOS18
G10,SH0_nEN<7>,LVCMOS18
G11,SH0_nEN<8>,LVCMOS18
G12,SH0_nEN<9>,LVCMOS18
U12,SH1_IO<0>,LVCMOS18
U11,SH1_IO<1>,LVCMOS18
R16,SH1_IO<10>,LVCMOS18
P15,SH1_IO<11>,LVCMOS18
N15,SH1_IO<12>,LVCMOS18
N14,SH1_IO<13>,LVCMOS18
N13,SH1_IO<14>,LVCMOS18
N12,SH1_IO<15>,LVCMOS18
T11,SH1_IO<2>,LVCMOS18
R11,SH1_IO<3>,LVCMOS18
R12,SH1_IO<4>,LVCMOS18
R13,SH1_IO<5>,LVCMOS18
W15,SH1_IO<6>,LVCMOS18
P11,SH1_IO<7>,LVCMOS18
P12,SH1_IO<8>,LVCMOS18
P14,SH1_IO<9>,LVCMOS18
D8,SH1_nEN<0>,LVCMOS18
C12,SH1_nEN<1>,LVCMOS18
D14,SH1_nEN<10>,LVCMOS18
D15,SH1_nEN<11>,LVCMOS18
E9,SH1_nEN<12>,LVCMOS18
E11,SH1_nEN<13>,LVCMOS18
E12,SH1_nEN<14>,LVCMOS18
E13,SH1_nEN<15>,LVCMOS18
C13,SH1_nEN<2>,LVCMOS18
C14,SH1_nEN<3>,LVCMOS18
C15,SH1_nEN<4>,LVCMOS18
D7,SH1_nEN<5>,LVCMOS18
D9,SH1_nEN<6>,LVCMOS18
D10,SH1_nEN<7>,LVCMOS18
D11,SH1_nEN<8>,LVCMOS18
D12,SH1_nEN<9>,LVCMOS18
E19,SMBM_A<16>,LVCMOS18
F16,SMBM_A<17>,LVCMOS18
F20,SMBM_A<18>,LVCMOS18
G16,SMBM_A<19>,LVCMOS18
G20,SMBM_A<20>,LVCMOS18
J16,SMBM_A<21>,LVCMOS18
J19,SMBM_A<22>,LVCMOS18
K16,SMBM_A<23>,LVCMOS18
K17,SMBM_A<24>,LVCMOS18
K18,SMBM_A<25>,LVCMOS18
H19,SMBM_CLK,LVCMOS18
K19,SMBM_D<0>,LVCMOS18
L16,SMBM_D<1>,LVCMOS18
P16,SMBM_D<10>,LVCMOS18
P17,SMBM_D<11>,LVCMOS18
P19,SMBM_D<12>,LVCMOS18
R17,SMBM_D<13>,LVCMOS18
R18,SMBM_D<14>,LVCMOS18
R19,SMBM_D<15>,LVCMOS18
L18,SMBM_D<2>,LVCMOS18
L19,SMBM_D<3>,LVCMOS18
M16,SMBM_D<4>,LVCMOS18
M17,SMBM_D<5>,LVCMOS18
M18,SMBM_D<6>,LVCMOS18
N17,SMBM_D<7>,LVCMOS18
N18,SMBM_D<8>,LVCMOS18
N19,SMBM_D<9>,LVCMOS18
E17,SMBM_nBL<0>,LVCMOS18
E18,SMBM_nBL<1>,LVCMOS18
E16,SMBM_nE<1>,LVCMOS18
G17,SMBM_nE<2>,LVCMOS18
F18,SMBM_nE<3>,LVCMOS18
F19,SMBM_nE<4>,LVCMOS18
H18,SMBM_nOE,LVCMOS18
H17,SMBM_nWAIT,LVCMOS18
J17,SMBM_nWE,LVCMOS18
AV8,UART_RX_F<0>,LVCMOS18
AV9,UART_RX_F<1>,LVCMOS18
BB7,UART_RX_F<2>,LVCMOS18
BA7,UART_RX_F<3>,LVCMOS18
AW7,UART_TX_F<0>,LVCMOS18
AW8,UART_TX_F<1>,LVCMOS18
AY7,UART_TX_F<2>,LVCMOS18
AY8,UART_TX_F<3>,LVCMOS18
T13,USD_CLK_R,LVCMOS18
W12,USD_CMD,LVCMOS18
V16,USD_DAT<0>,LVCMOS18
V15,USD_DAT<1>,LVCMOS18
W14,USD_DAT<2>,LVCMOS18
V14,USD_DAT<3>,LVCMOS18
V12,USD_NCD,LVCMOS18
B7,USER_nLED<0>,LVCMOS18
B8,USER_nLED<1>,LVCMOS18
B10,USER_nLED<2>,LVCMOS18
B11,USER_nLED<3>,LVCMOS18
B12,USER_nLED<4>,LVCMOS18
B13,USER_nLED<5>,LVCMOS18
B15,USER_nLED<6>,LVCMOS18
B16,USER_nLED<7>,LVCMOS18
C7,USER_nLED<8>,LVCMOS18
C8,USER_nLED<9>,LVCMOS18
B17,USER_nPB<0>,LVCMOS18
A18,USER_nPB<1>,LVCMOS18
K23,USER_SW<0>,LVCMOS12
B22,USER_SW<1>,LVCMOS12
B21,USER_SW<2>,LVCMOS12
J20,USER_SW<3>,LVCMOS12
H20,USER_SW<4>,LVCMOS12
D21,USER_SW<5>,LVCMOS12
L23,USER_SW<6>,LVCMOS12
D22,USER_SW<7>,LVCMOS12
AK13,WDOG_RREQ,LVCMOS18
